{
  "valid": 1.0,
  "unique@1000": 1.0,
  "unique@10000": 0.9997,
  "FCD/Test": 0.7642412279904676,
  "SNN/Test": 0.5617299318392575,
  "Frag/Test": 0.998996874801065,
  "Scaf/Test": 0.9324037644077682,
  "FCD/TestSF": 1.3298598423069166,
  "SNN/TestSF": 0.5314147593183816,
  "Frag/TestSF": 0.9967000294792605,
  "Scaf/TestSF": 0.10956259600378992,
  "IntDiv": 0.860911344600106,
  "IntDiv2": 0.8549593551492003,
  "Filters": 0.92768,
  "logP": 0.07737060434057277,
  "SA": 0.2006808838500758,
  "QED": 0.019607543697689602,
  "weight": 4.468880806399133,
  "Novelty": 0.8814011308497414
}