{
  "valid": 1.0,
  "unique@1000": 1.0,
  "unique@10000": 0.9996,
  "FCD/Test": 6.8968799611389855,
  "SNN/Test": 0.3953628757571429,
  "Frag/Test": 0.9757591868476331,
  "Scaf/Test": 0.6545035588623956,
  "FCD/TestSF": 7.6919033986620775,
  "SNN/TestSF": 0.3845839062473178,
  "Frag/TestSF": 0.9705665667413212,
  "Scaf/TestSF": 0.15130016639173527,
  "IntDiv": 0.8771518982845883,
  "IntDiv2": 0.8722715021663877,
  "Filters": 0.73178,
  "logP": 0.35765775458867316,
  "SA": 1.0110254354351145,
  "QED": 0.09329377557381709,
  "weight": 5.034609679308247,
  "Novelty": 0.9961371414846987
}