{
  "valid": 1.0,
  "unique@1000": 1.0,
  "unique@10000": 1.0,
  "FCD/Test": 2.1698379112874164,
  "SNN/Test": 0.4746272843617201,
  "Frag/Test": 0.99508444728136,
  "Scaf/Test": 0.8604951654995731,
  "FCD/TestSF": 2.8289821170615994,
  "SNN/TestSF": 0.4582306357073784,
  "Frag/TestSF": 0.9918699702373834,
  "Scaf/TestSF": 0.1260389670813351,
  "IntDiv": 0.865067506670868,
  "IntDiv2": 0.8597483978056359,
  "Filters": 0.87358,
  "logP": 0.22211462747187224,
  "SA": 0.45247383498100546,
  "QED": 0.04549956635941691,
  "weight": 4.246272219555189,
  "Novelty": 0.980275660645342
}