{
  "valid": 1.0,
  "unique@1000": 1.0,
  "unique@10000": 0.9999,
  "FCD/Test": 3.8894808657468474,
  "SNN/Test": 0.4358178361658752,
  "Frag/Test": 0.9892056401517211,
  "Scaf/Test": 0.8156631457060437,
  "FCD/TestSF": 4.641469224533068,
  "SNN/TestSF": 0.42122698072098197,
  "Frag/TestSF": 0.9846204390515643,
  "Scaf/TestSF": 0.1314895598083653,
  "IntDiv": 0.8703384345557098,
  "IntDiv2": 0.8651527045170877,
  "Filters": 0.80834,
  "logP": 0.23798524923613357,
  "SA": 0.6685082922264819,
  "QED": 0.06931956254860103,
  "weight": 4.7950604642612,
  "Novelty": 0.9905577338561254
}