{
  "valid": 1.0,
  "unique@1000": 1.0,
  "unique@10000": 0.9999,
  "FCD/Test": 8.054293966157616,
  "SNN/Test": 0.38653775350302455,
  "Frag/Test": 0.963587373470948,
  "Scaf/Test": 0.6288923086403734,
  "FCD/TestSF": 8.96792987090042,
  "SNN/TestSF": 0.3741705193269253,
  "Frag/TestSF": 0.955843855443785,
  "Scaf/TestSF": 0.13492266445662227,
  "IntDiv": 0.8799274075742309,
  "IntDiv2": 0.8749966257695225,
  "Filters": 0.71508,
  "logP": 0.45264382628600053,
  "SA": 1.0965117134655598,
  "QED": 0.1100032880566881,
  "weight": 6.6084406750589,
  "Novelty": 0.9969992798271585
}