{
  "valid": 1.0,
  "unique@1000": 1.0,
  "unique@10000": 0.9997,
  "FCD/Test": 2.9527838222821003,
  "SNN/Test": 0.4640504385178536,
  "Frag/Test": 0.9886718132868645,
  "Scaf/Test": 0.8532584984022309,
  "FCD/TestSF": 3.693862615116018,
  "SNN/TestSF": 0.4479563479615748,
  "Frag/TestSF": 0.9844749891282841,
  "Scaf/TestSF": 0.15326351203165878,
  "IntDiv": 0.8663223770237567,
  "IntDiv2": 0.860980406343076,
  "Filters": 0.85174,
  "logP": 0.2515033561862584,
  "SA": 0.5591907920624717,
  "QED": 0.05104086377473289,
  "weight": 3.926131473460714,
  "Novelty": 0.98327063155367
}