{
  "valid": 1.0,
  "unique@1000": 0.999,
  "unique@10000": 0.9965,
  "FCD/Test": 15.007701636985338,
  "SNN/Test": 0.32790781316027046,
  "Frag/Test": 0.9175970244338845,
  "Scaf/Test": 0.43259639315589027,
  "FCD/TestSF": 16.048859305526207,
  "SNN/TestSF": 0.318117315447107,
  "Frag/TestSF": 0.9085579960844876,
  "Scaf/TestSF": 0.09853266452717802,
  "IntDiv": 0.8935214234131168,
  "IntDiv2": 0.887577009701856,
  "Filters": 0.49674,
  "logP": 0.5041992981338825,
  "SA": 1.5616404233499153,
  "QED": 0.19719932442381063,
  "weight": 31.544490595679566,
  "Novelty": 0.9986313501328395
}