{
  "valid": 1.0,
  "unique@1000": 1.0,
  "unique@10000": 0.9999,
  "FCD/Test": 3.645810030618179,
  "SNN/Test": 0.4470820998324454,
  "Frag/Test": 0.9854190854648499,
  "Scaf/Test": 0.8165776447608087,
  "FCD/TestSF": 4.447489016126482,
  "SNN/TestSF": 0.4315213619340956,
  "Frag/TestSF": 0.9798857062051225,
  "Scaf/TestSF": 0.1451522501557182,
  "IntDiv": 0.8719484423585144,
  "IntDiv2": 0.8666649889455299,
  "Filters": 0.82314,
  "logP": 0.30990329069822925,
  "SA": 0.6501768856410693,
  "QED": 0.06577014488809306,
  "weight": 4.610446096399472,
  "Novelty": 0.9894355629364333
}