{
  "valid": 1.0,
  "unique@1000": 1.0,
  "unique@10000": 0.9997,
  "FCD/Test": 9.008109844909043,
  "SNN/Test": 0.37379555625751615,
  "Frag/Test": 0.9688131225102155,
  "Scaf/Test": 0.6720164774244661,
  "FCD/TestSF": 9.871898632888652,
  "SNN/TestSF": 0.3635659017337859,
  "Frag/TestSF": 0.9626346348361409,
  "Scaf/TestSF": 0.1307880503230503,
  "IntDiv": 0.881189368250582,
  "IntDiv2": 0.8762972469745034,
  "Filters": 0.69208,
  "logP": 0.32493141147783566,
  "SA": 1.1759092048150066,
  "QED": 0.10299988033254788,
  "weight": 6.669787643450599,
  "Novelty": 0.997277767769571
}