{
  "valid": 1.0,
  "unique@1000": 1.0,
  "unique@10000": 0.9994,
  "FCD/Test": 14.20816064081194,
  "SNN/Test": 0.3332361549565196,
  "Frag/Test": 0.9148283992457563,
  "Scaf/Test": 0.2627329892806922,
  "FCD/TestSF": 15.094477879070226,
  "SNN/TestSF": 0.32455758121162653,
  "Frag/TestSF": 0.9068354938163437,
  "Scaf/TestSF": 0.07441585596762779,
  "IntDiv": 0.888698065405069,
  "IntDiv2": 0.8837223854043621,
  "Filters": 0.55984,
  "logP": 0.393130103687084,
  "SA": 1.5028038937476857,
  "QED": 0.19088557869274558,
  "weight": 8.320467550523308,
  "Novelty": 0.9996395241719069
}