{
  "valid": 1.0,
  "unique@1000": 1.0,
  "unique@10000": 0.9996,
  "FCD/Test": 8.367638433952251,
  "SNN/Test": 0.38270739266112447,
  "Frag/Test": 0.9583688467094506,
  "Scaf/Test": 0.6262860050067208,
  "FCD/TestSF": 9.288118119346748,
  "SNN/TestSF": 0.37136762956798075,
  "Frag/TestSF": 0.9514089028765328,
  "Scaf/TestSF": 0.09957323819781261,
  "IntDiv": 0.8810464422005394,
  "IntDiv2": 0.8760647700546381,
  "Filters": 0.70768,
  "logP": 0.4740274778545705,
  "SA": 1.0930339346941413,
  "QED": 0.12553776785352166,
  "weight": 6.314060340285566,
  "Novelty": 0.9976379213708063
}