{
  "valid": 1.0,
  "unique@1000": 1.0,
  "unique@10000": 0.9998,
  "FCD/Test": 10.566817068714109,
  "SNN/Test": 0.3607898513007164,
  "Frag/Test": 0.9527714748183014,
  "Scaf/Test": 0.48488194554938646,
  "FCD/TestSF": 11.387871193795903,
  "SNN/TestSF": 0.35157992687210443,
  "Frag/TestSF": 0.9474770079075628,
  "Scaf/TestSF": 0.1122331356055073,
  "IntDiv": 0.8825984839618499,
  "IntDiv2": 0.877820311283943,
  "Filters": 0.65816,
  "logP": 0.3076982976632417,
  "SA": 1.2688121972089046,
  "QED": 0.1278249943480449,
  "weight": 8.417387707299033,
  "Novelty": 0.9987185134756318
}