{
  "valid": 1.0,
  "unique@1000": 1.0,
  "unique@10000": 1.0,
  "FCD/Test": 3.304859724213742,
  "SNN/Test": 0.4480003432956338,
  "Frag/Test": 0.9889765144323507,
  "Scaf/Test": 0.8309984334663351,
  "FCD/TestSF": 4.050657160857696,
  "SNN/TestSF": 0.4330262523943186,
  "Frag/TestSF": 0.9849030261777632,
  "Scaf/TestSF": 0.1479716011383988,
  "IntDiv": 0.8711999571408173,
  "IntDiv2": 0.8658541312196474,
  "Filters": 0.82686,
  "logP": 0.23287905772416156,
  "SA": 0.627686493183784,
  "QED": 0.056084376555510504,
  "weight": 4.735262731375675,
  "Novelty": 0.985597407533356
}