{
  "valid": 1.0,
  "unique@1000": 1.0,
  "unique@10000": 0.9999,
  "FCD/Test": 3.454266142132198,
  "SNN/Test": 0.45093843559741975,
  "Frag/Test": 0.9862445664793877,
  "Scaf/Test": 0.8109301136806082,
  "FCD/TestSF": 4.150471933060828,
  "SNN/TestSF": 0.43616430284932256,
  "Frag/TestSF": 0.9816440482711615,
  "Scaf/TestSF": 0.176077224583587,
  "IntDiv": 0.8715533986727158,
  "IntDiv2": 0.8662670617207351,
  "Filters": 0.83114,
  "logP": 0.23622325671316166,
  "SA": 0.6284372467391001,
  "QED": 0.062481539838289,
  "weight": 4.564286204238448,
  "Novelty": 0.9879573506171357
}