{
  "valid": 1.0,
  "unique@1000": 1.0,
  "unique@10000": 0.9996,
  "FCD/Test": 16.609615972859928,
  "SNN/Test": 0.3132737227270007,
  "Frag/Test": 0.913911857241446,
  "Scaf/Test": 0.19011148738918382,
  "FCD/TestSF": 17.527179197104644,
  "SNN/TestSF": 0.30523614012889566,
  "Frag/TestSF": 0.90494430097244,
  "Scaf/TestSF": 0.04141820281947939,
  "IntDiv": 0.889746896983913,
  "IntDiv2": 0.8849385778549421,
  "Filters": 0.54678,
  "logP": 0.5282299592649545,
  "SA": 1.7459405756485529,
  "QED": 0.19576837247515458,
  "weight": 13.501803795881967,
  "Novelty": 0.9998798534211738
}