{
  "valid": 1.0,
  "unique@1000": 1.0,
  "unique@10000": 0.9999,
  "FCD/Test": 3.7491440829998055,
  "SNN/Test": 0.4435584472592175,
  "Frag/Test": 0.9917009488388017,
  "Scaf/Test": 0.8198083516180227,
  "FCD/TestSF": 4.447348002668775,
  "SNN/TestSF": 0.429853551056087,
  "Frag/TestSF": 0.987783838339242,
  "Scaf/TestSF": 0.1458635526915707,
  "IntDiv": 0.8682925366242908,
  "IntDiv2": 0.8631084758013431,
  "Filters": 0.8261,
  "logP": 0.22730708495657762,
  "SA": 0.6360064137873662,
  "QED": 0.04992931229231083,
  "weight": 7.147272796281585,
  "Novelty": 0.9879361395646606
}