{
  "valid": 1.0,
  "unique@1000": 1.0,
  "unique@10000": 0.9979,
  "FCD/Test": 12.147462404899755,
  "SNN/Test": 0.3533356726324558,
  "Frag/Test": 0.9461356162974971,
  "Scaf/Test": 0.4216554527522456,
  "FCD/TestSF": 13.063949949577534,
  "SNN/TestSF": 0.3437826760943979,
  "Frag/TestSF": 0.9379186566192851,
  "Scaf/TestSF": 0.16078858793293427,
  "IntDiv": 0.8831154106738653,
  "IntDiv2": 0.8782200390992051,
  "Filters": 0.59038,
  "logP": 0.5879406932231245,
  "SA": 1.3855793239550733,
  "QED": 0.17702244614774945,
  "weight": 9.048891409687748,
  "Novelty": 0.9990768428023842
}