{
  "valid": 1.0,
  "unique@1000": 1.0,
  "unique@10000": 0.9999,
  "FCD/Test": 7.621507748083722,
  "SNN/Test": 0.3904994227080047,
  "Frag/Test": 0.9691927403108951,
  "Scaf/Test": 0.5957539266509483,
  "FCD/TestSF": 8.524132732653868,
  "SNN/TestSF": 0.378501646123454,
  "Frag/TestSF": 0.962037035339035,
  "Scaf/TestSF": 0.1404426388114356,
  "IntDiv": 0.8817076644050701,
  "IntDiv2": 0.8765574554615899,
  "Filters": 0.71398,
  "logP": 0.501828382657008,
  "SA": 1.0767697126142164,
  "QED": 0.11821031549621182,
  "weight": 7.1251766555477865,
  "Novelty": 0.996858743497399
}