{
  "valid": 0.94606,
  "unique@1000": 1.0,
  "unique@10000": 0.9999,
  "FCD/Test": 0.4587646750049572,
  "SNN/Test": 0.5137534190317472,
  "Frag/Test": 0.9969681627945227,
  "Scaf/Test": 0.8792920305543215,
  "FCD/TestSF": 0.9061560781919411,
  "SNN/TestSF": 0.494859915576601,
  "Frag/TestSF": 0.9958838037601049,
  "Scaf/TestSF": 0.1742399604179592,
  "IntDiv": 0.8592854819480747,
  "IntDiv2": 0.8537390978312414,
  "Filters": 0.9807200388981672,
  "logP": 0.1781981245234987,
  "SA": 0.15530221145481735,
  "QED": 0.011438939936315125,
  "weight": 3.892569760557617,
  "Novelty": 0.9714944278796337
}