{
  "valid": 0.78322,
  "unique@1000": 1.0,
  "unique@10000": 1.0,
  "FCD/Test": 1.5142954215508126,
  "SNN/Test": 0.4513562105274344,
  "Frag/Test": 0.9829905234796411,
  "Scaf/Test": 0.7123751182543303,
  "FCD/TestSF": 1.948938629688456,
  "SNN/TestSF": 0.43884241676166796,
  "Frag/TestSF": 0.9818732032324744,
  "Scaf/TestSF": 0.1990115292366551,
  "IntDiv": 0.8665467616435725,
  "IntDiv2": 0.8614031934588811,
  "Filters": 0.9491586016700289,
  "logP": 0.3235177599267522,
  "SA": 0.4108889125428093,
  "QED": 0.0357464019997059,
  "weight": 7.130304196931416,
  "Novelty": 0.9937946884576098
}