{
  "valid": 0.7483,
  "unique@1000": 1.0,
  "unique@10000": 1.0,
  "FCD/Test": 1.59185620285038,
  "SNN/Test": 0.4504806727079343,
  "Frag/Test": 0.9897308382887281,
  "Scaf/Test": 0.7404283111864077,
  "FCD/TestSF": 2.042524134890641,
  "SNN/TestSF": 0.4382676696727162,
  "Frag/TestSF": 0.987631162855882,
  "Scaf/TestSF": 0.1440083673373822,
  "IntDiv": 0.8615838017406195,
  "IntDiv2": 0.8564341003240148,
  "Filters": 0.9486302285179741,
  "logP": 0.2851834344087006,
  "SA": 0.3767015524275738,
  "QED": 0.03164641186011614,
  "weight": 5.840919105553086,
  "Novelty": 0.9947345913294489
}