{
  "valid": 0.60476,
  "unique@1000": 1.0,
  "unique@10000": 0.9995,
  "FCD/Test": 2.4572659837034365,
  "SNN/Test": 0.42675448919634307,
  "Frag/Test": 0.9795021061656025,
  "Scaf/Test": 0.6613338324321684,
  "FCD/TestSF": 3.0665223854378496,
  "SNN/TestSF": 0.41520129756638435,
  "Frag/TestSF": 0.9768558533958839,
  "Scaf/TestSF": 0.12914784974288263,
  "IntDiv": 0.8661307009435693,
  "IntDiv2": 0.8609730891132734,
  "Filters": 0.9094516833123883,
  "logP": 0.2972228169055267,
  "SA": 0.49190857792343606,
  "QED": 0.04148522562443177,
  "weight": 8.63470194491497,
  "Novelty": 0.9975850205107847
}