{
  "valid": 0.6734800000000001,
  "unique@1000": 1.0,
  "unique@10000": 1.0,
  "FCD/Test": 2.119864824231513,
  "SNN/Test": 0.432951614833727,
  "Frag/Test": 0.9813040004390142,
  "Scaf/Test": 0.6693588817401911,
  "FCD/TestSF": 2.750870499426668,
  "SNN/TestSF": 0.4204911160120001,
  "Frag/TestSF": 0.9777270433055127,
  "Scaf/TestSF": 0.1502917273535853,
  "IntDiv": 0.8656838163136997,
  "IntDiv2": 0.8605610195437055,
  "Filters": 0.9300944348755716,
  "logP": 0.3253706463827898,
  "SA": 0.49459411542323745,
  "QED": 0.04256544641234515,
  "weight": 6.754827991245353,
  "Novelty": 0.9966144982627031
}