{
  "valid": 0.94342,
  "unique@1000": 1.0,
  "unique@10000": 0.9999,
  "FCD/Test": 0.412534804242938,
  "SNN/Test": 0.5279568827242472,
  "Frag/Test": 0.9981421779500641,
  "Scaf/Test": 0.884597078076205,
  "FCD/TestSF": 0.851548243512454,
  "SNN/TestSF": 0.507092657730074,
  "Frag/TestSF": 0.9965652891298973,
  "Scaf/TestSF": 0.15694565317286535,
  "IntDiv": 0.8586910893468619,
  "IntDiv2": 0.8532144115067656,
  "Filters": 0.9849271798350682,
  "logP": 0.17636543849689768,
  "SA": 0.14101692704877802,
  "QED": 0.0129514999235374,
  "weight": 3.9652891632011174,
  "Novelty": 0.9618239660657476
}