{
  "valid": 0.89314,
  "unique@1000": 1.0,
  "unique@10000": 1.0,
  "FCD/Test": 0.6698758066694381,
  "SNN/Test": 0.4901740016445705,
  "Frag/Test": 0.9963395485624406,
  "Scaf/Test": 0.8557747209864953,
  "FCD/TestSF": 1.0498713176881722,
  "SNN/TestSF": 0.47436474544760343,
  "Frag/TestSF": 0.9956608454572634,
  "Scaf/TestSF": 0.14551707467877095,
  "IntDiv": 0.8596042956749386,
  "IntDiv2": 0.8542625446859208,
  "Filters": 0.9732404774167543,
  "logP": 0.1993149348806758,
  "SA": 0.23357523196536942,
  "QED": 0.01381352401325723,
  "weight": 3.848773794580781,
  "Novelty": 0.9830216149624817
}