{
  "valid": 0.82866,
  "unique@1000": 1.0,
  "unique@10000": 1.0,
  "FCD/Test": 1.2077002219438668,
  "SNN/Test": 0.46434806407032386,
  "Frag/Test": 0.9885397050069391,
  "Scaf/Test": 0.7954981138894,
  "FCD/TestSF": 1.7166247715596228,
  "SNN/TestSF": 0.44999866089263585,
  "Frag/TestSF": 0.9867492316669915,
  "Scaf/TestSF": 0.15940997826113756,
  "IntDiv": 0.8630659789966694,
  "IntDiv2": 0.8578245939314951,
  "Filters": 0.957328699345932,
  "logP": 0.157608467648085,
  "SA": 0.3357630215766272,
  "QED": 0.021082468361708982,
  "weight": 4.614856629372392,
  "Novelty": 0.9902964178816259
}