{
  "valid": 0.94492,
  "unique@1000": 1.0,
  "unique@10000": 0.9998,
  "FCD/Test": 0.46995858024402537,
  "SNN/Test": 0.5190845973890934,
  "Frag/Test": 0.9984954890401562,
  "Scaf/Test": 0.8887156524857577,
  "FCD/TestSF": 0.9430072037085324,
  "SNN/TestSF": 0.49958551760332576,
  "Frag/TestSF": 0.9974436822370302,
  "Scaf/TestSF": 0.1527181179180852,
  "IntDiv": 0.8585655116999682,
  "IntDiv2": 0.8528570950930258,
  "Filters": 0.9820513905939127,
  "logP": 0.16192965835732284,
  "SA": 0.11501781140432023,
  "QED": 0.005290385323373379,
  "weight": 5.319535765307121,
  "Novelty": 0.9685316166193724
}