{
  "valid": 0.6316999999999999,
  "unique@1000": 1.0,
  "unique@10000": 1.0,
  "FCD/Test": 1.9910029482268783,
  "SNN/Test": 0.4332166480356631,
  "Frag/Test": 0.980560212990063,
  "Scaf/Test": 0.6329436460064088,
  "FCD/TestSF": 2.4802088218304448,
  "SNN/TestSF": 0.42228771118974695,
  "Frag/TestSF": 0.9783223597544725,
  "Scaf/TestSF": 0.16212252476654132,
  "IntDiv": 0.866349089894836,
  "IntDiv2": 0.8612842772649534,
  "Filters": 0.929206902010448,
  "logP": 0.4118109860640037,
  "SA": 0.4768667830981568,
  "QED": 0.04999283717907816,
  "weight": 9.5257289828453,
  "Novelty": 0.9966123159727719
}