{
  "valid": 0.90824,
  "unique@1000": 1.0,
  "unique@10000": 0.9999,
  "FCD/Test": 0.7657714510893214,
  "SNN/Test": 0.4890933403387465,
  "Frag/Test": 0.9957497775972484,
  "Scaf/Test": 0.841920195688319,
  "FCD/TestSF": 1.2388755523755037,
  "SNN/TestSF": 0.4719735963814276,
  "Frag/TestSF": 0.9944415960640948,
  "Scaf/TestSF": 0.14819531270167208,
  "IntDiv": 0.8637806913441067,
  "IntDiv2": 0.8583912279815236,
  "Filters": 0.9714392671540562,
  "logP": 0.2593146797043722,
  "SA": 0.23930542690215614,
  "QED": 0.023040387646816103,
  "weight": 4.382715901396953,
  "Novelty": 0.9839892527583852
}