{
  "valid": 0.9091363654546182,
  "unique@1000": 1.0,
  "unique@10000": 0.9999,
  "FCD/Test": 0.6738148135724771,
  "SNN/Test": 0.4959749156315982,
  "Frag/Test": 0.9960422091621973,
  "Scaf/Test": 0.8725202155067524,
  "FCD/TestSF": 1.1805663223635037,
  "SNN/TestSF": 0.47830510265512993,
  "Frag/TestSF": 0.9945428869346826,
  "Scaf/TestSF": 0.16389621268612575,
  "IntDiv": 0.8642272479369736,
  "IntDiv2": 0.8585880977478164,
  "Filters": 0.974370256297437,
  "logP": 0.2605023217512033,
  "SA": 0.23116134533406218,
  "QED": 0.023342704832515587,
  "weight": 4.298084306965831,
  "Novelty": 0.981471293708602
}