{
  "valid": 0.91452,
  "unique@1000": 1.0,
  "unique@10000": 1.0,
  "FCD/Test": 0.5654592737924418,
  "SNN/Test": 0.5001963294235312,
  "Frag/Test": 0.9975663409154104,
  "Scaf/Test": 0.869460209005428,
  "FCD/TestSF": 1.0613968157250042,
  "SNN/TestSF": 0.48280534187256596,
  "Frag/TestSF": 0.9960699867325703,
  "Scaf/TestSF": 0.1469204117626386,
  "IntDiv": 0.8568832027505031,
  "IntDiv2": 0.8514685636261323,
  "Filters": 0.974609631281984,
  "logP": 0.16819739113805726,
  "SA": 0.15939681023644267,
  "QED": 0.012551848874987694,
  "weight": 4.301110352577079,
  "Novelty": 0.9811217570109814
}