{
  "valid": 0.833,
  "unique@1000": 1.0,
  "unique@10000": 0.9999,
  "FCD/Test": 1.3965475753441865,
  "SNN/Test": 0.4596734250482677,
  "Frag/Test": 0.9882392683132574,
  "Scaf/Test": 0.7836368937480793,
  "FCD/TestSF": 1.8864452977145731,
  "SNN/TestSF": 0.4463502232238454,
  "Frag/TestSF": 0.9871365698365762,
  "Scaf/TestSF": 0.1499246231032373,
  "IntDiv": 0.8600202216679343,
  "IntDiv2": 0.8548265511016128,
  "Filters": 0.9440576230492197,
  "logP": 0.19583328621273394,
  "SA": 0.32462476758858955,
  "QED": 0.027280232182452353,
  "weight": 5.841788893125409,
  "Novelty": 0.9923880417817265
}