{
  "valid": 0.92242,
  "unique@1000": 1.0,
  "unique@10000": 1.0,
  "FCD/Test": 0.5341371861223934,
  "SNN/Test": 0.5063275700762856,
  "Frag/Test": 0.9975754019544575,
  "Scaf/Test": 0.8660541554548005,
  "FCD/TestSF": 0.9818245226289264,
  "SNN/TestSF": 0.4881095922988239,
  "Frag/TestSF": 0.996227823952621,
  "Scaf/TestSF": 0.1562998830677339,
  "IntDiv": 0.8596323069350097,
  "IntDiv2": 0.8541812388226541,
  "Filters": 0.9783612671017541,
  "logP": 0.21936629965876145,
  "SA": 0.18337453207690158,
  "QED": 0.019451214239329443,
  "weight": 4.311936363873288,
  "Novelty": 0.9768606870229007
}