{
  "valid": 0.9514,
  "unique@1000": 1.0,
  "unique@10000": 1.0,
  "FCD/Test": 0.32142779801068855,
  "SNN/Test": 0.5369459036620996,
  "Frag/Test": 0.9986908758379731,
  "Scaf/Test": 0.9063164741641759,
  "FCD/TestSF": 0.7219180559755642,
  "SNN/TestSF": 0.5154837503064473,
  "Frag/TestSF": 0.9975397432223414,
  "Scaf/TestSF": 0.13796042976685785,
  "IntDiv": 0.8579321390802375,
  "IntDiv2": 0.8523437448182879,
  "Filters": 0.9864200126129914,
  "logP": 0.17143117284925335,
  "SA": 0.11285113583100162,
  "QED": 0.012575841632711185,
  "weight": 4.054255813143755,
  "Novelty": 0.9558944158165948
}