{
  "valid": 0.8544,
  "unique@1000": 1.0,
  "unique@10000": 1.0,
  "FCD/Test": 1.0558983560935644,
  "SNN/Test": 0.4708816496965786,
  "Frag/Test": 0.9926984933554581,
  "Scaf/Test": 0.8152763925640389,
  "FCD/TestSF": 1.5881775653504775,
  "SNN/TestSF": 0.45612546634312706,
  "Frag/TestSF": 0.9905789996423165,
  "Scaf/TestSF": 0.1680133815981646,
  "IntDiv": 0.861745558095369,
  "IntDiv2": 0.8564331129095959,
  "Filters": 0.9641385767790263,
  "logP": 0.17528204171350353,
  "SA": 0.30530348986476863,
  "QED": 0.01632602157336748,
  "weight": 4.193693515594283,
  "Novelty": 0.9886930261956598
}