{
  "valid": 0.81614,
  "unique@1000": 1.0,
  "unique@10000": 1.0,
  "FCD/Test": 0.9825990516384024,
  "SNN/Test": 0.474309428220145,
  "Frag/Test": 0.9929226435849411,
  "Scaf/Test": 0.7862104071086553,
  "FCD/TestSF": 1.4918503383918136,
  "SNN/TestSF": 0.4587094210789181,
  "Frag/TestSF": 0.9910510449554768,
  "Scaf/TestSF": 0.13621427000695618,
  "IntDiv": 0.8640305716511311,
  "IntDiv2": 0.8587023498610624,
  "Filters": 0.964025779890705,
  "logP": 0.27492744072468095,
  "SA": 0.30791830940726567,
  "QED": 0.032646264320115706,
  "weight": 7.997914857749117,
  "Novelty": 0.9892404597926522
}