{
  "valid": 1.0,
  "unique@1000": 1.0,
  "unique@10000": 0.9996,
  "FCD/Test": 9.972572525231215,
  "SNN/Test": 0.37320923128798605,
  "Frag/Test": 0.9560999794431263,
  "Scaf/Test": 0.536807684737474,
  "FCD/TestSF": 10.923878555185546,
  "SNN/TestSF": 0.36222545102611187,
  "Frag/TestSF": 0.9490290326553247,
  "Scaf/TestSF": 0.1007245364612972,
  "IntDiv": 0.8807513926729981,
  "IntDiv2": 0.8758029161579822,
  "Filters": 0.6746,
  "logP": 0.4537912491212863,
  "SA": 1.2101530398373384,
  "QED": 0.13495166987898777,
  "weight": 7.669326452861112,
  "Novelty": 0.9981325863678805
}