{
  "valid": 1.0,
  "unique@1000": 1.0,
  "unique@10000": 0.9999,
  "FCD/Test": 9.910102747165773,
  "SNN/Test": 0.3731068743169308,
  "Frag/Test": 0.9548097843993054,
  "Scaf/Test": 0.5663054288281014,
  "FCD/TestSF": 10.877087844102654,
  "SNN/TestSF": 0.3621405145322283,
  "Frag/TestSF": 0.9476576856709281,
  "Scaf/TestSF": 0.08674118840640133,
  "IntDiv": 0.8806857530548011,
  "IntDiv2": 0.8757352622044614,
  "Filters": 0.6775333333333333,
  "logP": 0.4656918822607768,
  "SA": 1.2123789385708108,
  "QED": 0.13485073985064722,
  "weight": 8.07202634389367,
  "Novelty": 0.9981329599253184
}