{
  "valid": 0.8020666666666667,
  "unique@1000": 1.0,
  "unique@10000": 1.0,
  "FCD/Test": 1.5547832275078832,
  "SNN/Test": 0.45552809180555753,
  "Frag/Test": 0.9823126702515214,
  "Scaf/Test": 0.6967005295509985,
  "FCD/TestSF": 2.1364195173095197,
  "SNN/TestSF": 0.4424048590621452,
  "Frag/TestSF": 0.9798087136377508,
  "Scaf/TestSF": 0.1405824448847477,
  "IntDiv": 0.8614672462225481,
  "IntDiv2": 0.8564026727575986,
  "Filters": 0.9523730363228327,
  "logP": 0.22202767147917524,
  "SA": 0.37717619974841426,
  "QED": 0.028882372167994958,
  "weight": 7.277966795148085,
  "Novelty": 0.9928933588230405
}