{
  "valid": 0.7842333333333333,
  "unique@1000": 1.0,
  "unique@10000": 1.0,
  "FCD/Test": 1.4793156295086476,
  "SNN/Test": 0.45441331470894814,
  "Frag/Test": 0.9895393296841618,
  "Scaf/Test": 0.6657460973050678,
  "FCD/TestSF": 1.932725563646926,
  "SNN/TestSF": 0.44144199577406756,
  "Frag/TestSF": 0.9883593872347674,
  "Scaf/TestSF": 0.1639363796862774,
  "IntDiv": 0.8621505444465717,
  "IntDiv2": 0.8569800642330568,
  "Filters": 0.956773069239597,
  "logP": 0.29881403506852017,
  "SA": 0.34033839569750995,
  "QED": 0.028424144170315073,
  "weight": 6.745054050753528,
  "Novelty": 0.9934965570007651
}