{
  "valid": 0.8920333333333333,
  "unique@1000": 1.0,
  "unique@10000": 1.0,
  "FCD/Test": 0.6901622571602957,
  "SNN/Test": 0.48989627531385,
  "Frag/Test": 0.9963631650533755,
  "Scaf/Test": 0.8253562482727154,
  "FCD/TestSF": 1.0883501347555722,
  "SNN/TestSF": 0.4740920856192456,
  "Frag/TestSF": 0.9954881342572437,
  "Scaf/TestSF": 0.14541015919050893,
  "IntDiv": 0.8595368465328355,
  "IntDiv2": 0.8541777866342035,
  "Filters": 0.9740293710997346,
  "logP": 0.20015925836354967,
  "SA": 0.23004609459323816,
  "QED": 0.013965249197808421,
  "weight": 3.984540251400148,
  "Novelty": 0.9847165651507791
}