{
  "valid": 1.0,
  "unique@1000": 0.988,
  "unique@10000": 0.9754,
  "FCD/Test": 17.11971226136132,
  "SNN/Test": 0.30394259646073346,
  "Frag/Test": 0.9082342689736784,
  "Scaf/Test": 0.25368994169575676,
  "FCD/TestSF": 18.025636567436862,
  "SNN/TestSF": 0.29598371188171624,
  "Frag/TestSF": 0.9030879865475262,
  "Scaf/TestSF": 0.11791726826830173,
  "IntDiv": 0.9047338074130727,
  "IntDiv2": 0.8974596305678504,
  "Filters": 0.3422459893048128,
  "logP": 0.7431756730638168,
  "SA": 1.9113191749883072,
  "QED": 0.22666550279768835,
  "weight": 40.35652492754731,
  "Novelty": 0.9997578776244336
}