{
  "valid": 0.6140333333333333,
  "unique@1000": 1.0,
  "unique@10000": 1.0,
  "FCD/Test": 2.0123504089431066,
  "SNN/Test": 0.4425382083700998,
  "Frag/Test": 0.9761639944647758,
  "Scaf/Test": 0.5537129436790336,
  "FCD/TestSF": 2.488330619179493,
  "SNN/TestSF": 0.429989875088549,
  "Frag/TestSF": 0.9745180781596942,
  "Scaf/TestSF": 0.2132881837314129,
  "IntDiv": 0.8709172875147011,
  "IntDiv2": 0.865362869559412,
  "Filters": 0.9355626730362087,
  "logP": 0.3013156473763847,
  "SA": 0.3606106263399834,
  "QED": 0.046548971322238515,
  "weight": 10.318186029157566,
  "Novelty": 0.995276360082528
}