{
  "valid": 0.7736333333333334,
  "unique@1000": 1.0,
  "unique@10000": 1.0,
  "FCD/Test": 1.0689741724918917,
  "SNN/Test": 0.4708573625536295,
  "Frag/Test": 0.9894802745444035,
  "Scaf/Test": 0.7539195851158084,
  "FCD/TestSF": 1.5743119873397688,
  "SNN/TestSF": 0.4563931910871427,
  "Frag/TestSF": 0.9872182536558024,
  "Scaf/TestSF": 0.1642867627273329,
  "IntDiv": 0.8615343398581051,
  "IntDiv2": 0.8562232810496191,
  "Filters": 0.9542418889224008,
  "logP": 0.2750518316348723,
  "SA": 0.29611736018179935,
  "QED": 0.03420192183241968,
  "weight": 7.95265376164826,
  "Novelty": 0.9911672196130812
}